{
  "test_config": {
    "num_variants": 500,
    "num_concurrent_users": 3,
    "test_duration_seconds": 60,
    "batch_size": 50,
    "target_throughput": 500.0,
    "memory_limit_mb": 1024,
    "enable_profiling": true
  },
  "test_timestamp": 1748451992.577478,
  "results": [
    {
      "test_name": "batch_processing",
      "start_time": 1748451989.319904,
      "end_time": 1748451990.333295,
      "duration": 1.0133910179138184,
      "throughput": 0.0,
      "memory_usage_mb": 961.171875,
      "cpu_usage_percent": 120.55,
      "success_count": 0,
      "error_count": 500,
      "response_times": [
        0.1007680892944336,
        0.07507205009460449,
        0.07648491859436035,
        0.07321500778198242,
        0.07313108444213867,
        0.0726320743560791,
        0.07442808151245117,
        0.07653498649597168,
        0.07549500465393066,
        0.18891310691833496
      ],
      "avg_response_time": 0.08866744041442871,
      "p95_response_time": 0.18891310691833496,
      "p99_response_time": 0.18891310691833496,
      "additional_metrics": {
        "variants_per_second": 0.0,
        "target_throughput": 500.0,
        "throughput_ratio": 0.0,
        "system_metrics": {
          "cpu_percent": {
            "avg": 120.55,
            "max": 148.0,
            "min": 0.0,
            "p95": 148.0
          },
          "memory_mb": {
            "avg": 790.2359375,
            "max": 961.171875,
            "min": 423.984375,
            "p95": 961.171875
          },
          "sample_count": 10
        }
      }
    },
    {
      "test_name": "database_load",
      "start_time": 1748451990.4837592,
      "end_time": 1748451991.222518,
      "duration": 0.7387588024139404,
      "throughput": 67.6810886538636,
      "memory_usage_mb": 1067.328125,
      "cpu_usage_percent": 397.5285714285714,
      "success_count": 50,
      "error_count": 0,
      "response_times": [
        0.04070091247558594,
        0.046494245529174805,
        0.04739665985107422,
        0.05005073547363281,
        0.049833059310913086,
        0.0397791862487793,
        0.04031014442443848,
        0.04183673858642578,
        0.043005943298339844,
        0.04359602928161621,
        0.03565406799316406,
        0.03854799270629883,
        0.03962969779968262,
        0.041570186614990234,
        0.04213523864746094,
        0.03323006629943848,
        0.04003095626831055,
        0.04072880744934082,
        0.042797088623046875,
        0.0432887077331543,
        0.035604000091552734,
        0.03845691680908203,
        0.040018320083618164,
        0.04209780693054199,
        0.04257702827453613,
        0.03114795684814453,
        0.03927206993103027,
        0.04186415672302246,
        0.04296112060546875,
        0.04358315467834473,
        0.03209710121154785,
        0.037056922912597656,
        0.03846406936645508,
        0.04022407531738281,
        0.04113006591796875,
        0.03509402275085449,
        0.0405430793762207,
        0.04240608215332031,
        0.04295706748962402,
        0.044358253479003906,
        0.0387721061706543,
        0.04059910774230957,
        0.042392730712890625,
        0.04385995864868164,
        0.045248985290527344,
        0.03537321090698242,
        0.03999185562133789,
        0.042656898498535156,
        0.04321575164794922,
        0.04405689239501953
      ],
      "avg_response_time": 0.04097394466400146,
      "p95_response_time": 0.048493039608001706,
      "p99_response_time": 0.05005073547363281,
      "additional_metrics": {
        "searches_per_second": 67.6810886538636,
        "target_search_time_ms": 100,
        "avg_search_time_ms": 40.973944664001465,
        "search_time_target_met": true,
        "system_metrics": {
          "cpu_percent": {
            "avg": 397.5285714285714,
            "max": 726.9,
            "min": 84.8,
            "p95": 726.9
          },
          "memory_mb": {
            "avg": 990.0580357142857,
            "max": 1067.328125,
            "min": 769.40625,
            "p95": 1067.328125
          },
          "sample_count": 7
        }
      }
    },
    {
      "test_name": "memory_stress",
      "start_time": 1748451991.321225,
      "end_time": 1748451992.383765,
      "duration": 1.062540054321289,
      "throughput": 0.0,
      "memory_usage_mb": 1275.890625,
      "cpu_usage_percent": 163.04,
      "success_count": 0,
      "error_count": 500,
      "response_times": [
        0.07768392562866211,
        0.0776522159576416,
        0.0803537368774414,
        0.07619404792785645,
        0.07234001159667969,
        0.07607793807983398,
        0.07728290557861328,
        0.07667112350463867,
        0.07869601249694824,
        0.22012710571289062
      ],
      "avg_response_time": 0.0913079023361206,
      "p95_response_time": 0.22012710571289062,
      "p99_response_time": 0.22012710571289062,
      "additional_metrics": {
        "total_variants_processed": 0,
        "max_memory_mb": 1275.890625,
        "memory_limit_mb": 1024,
        "memory_limit_exceeded": true,
        "system_metrics": {
          "cpu_percent": {
            "avg": 163.04,
            "max": 369.2,
            "min": 99.7,
            "p95": 369.2
          },
          "memory_mb": {
            "avg": 1103.05,
            "max": 1275.890625,
            "min": 905.171875,
            "p95": 1275.890625
          },
          "sample_count": 10
        }
      }
    }
  ]
}