{
  "timestamp": 1748449531.05151,
  "config": {
    "num_variants": 500,
    "num_samples": 5,
    "num_concurrent_sessions": 3,
    "batch_size": 50,
    "target_ingestion_rate": 500.0,
    "target_search_time_ms": 100.0,
    "target_graph_query_time_ms": 500.0
  },
  "results": [
    {
      "test_name": "vcf_ingestion",
      "variants_processed": 500,
      "duration": 0.0002899169921875,
      "throughput": 1724631.5789473683,
      "target_throughput": 500.0,
      "throughput_ratio": 3449.2631578947367,
      "batch_times": [
        2.193450927734375e-05,
        1.811981201171875e-05,
        1.7881393432617188e-05,
        1.7881393432617188e-05,
        1.71661376953125e-05,
        1.7881393432617188e-05,
        1.6689300537109375e-05,
        1.8358230590820312e-05,
        1.7881393432617188e-05,
        1.7881393432617188e-05
      ],
      "avg_batch_time": 1.8167495727539063e-05,
      "system_metrics": {
        "cpu_percent": {
          "avg": 0.0,
          "max": 0.0,
          "p95": 0.0
        },
        "memory_mb": {
          "avg": 262.453125,
          "max": 262.453125,
          "p95": 262.453125
        },
        "sample_count": 1
      },
      "target_met": true
    },
    {
      "test_name": "database_operations",
      "duration": 0.031744956970214844,
      "avg_search_time_ms": 1.2325763702392578,
      "avg_graph_time_ms": 2.518129348754883,
      "target_search_time_ms": 100.0,
      "target_graph_time_ms": 500.0,
      "search_target_met": true,
      "graph_target_met": true,
      "operation_times": [
        [
          "insert",
          0.0
        ],
        [
          "search",
          1.2325763702392578
        ],
        [
          "graph",
          2.518129348754883
        ]
      ],
      "system_metrics": {
        "cpu_percent": {
          "avg": 0.9,
          "max": 0.9,
          "p95": 0.9
        },
        "memory_mb": {
          "avg": 262.46875,
          "max": 262.46875,
          "p95": 262.46875
        },
        "sample_count": 1
      }
    },
    {
      "test_name": "concurrent_analysis",
      "total_sessions": 3,
      "successful_sessions": 3,
      "success_rate": 1.0,
      "total_duration": 0.08814883232116699,
      "avg_session_duration": 0.08101399739583333,
      "max_session_duration": 0.08778905868530273,
      "min_session_duration": 0.07736706733703613,
      "system_metrics": {
        "cpu_percent": {
          "avg": 4.5,
          "max": 4.5,
          "p95": 4.5
        },
        "memory_mb": {
          "avg": 267.203125,
          "max": 267.203125,
          "p95": 267.203125
        },
        "sample_count": 1
      },
      "session_results": [
        {
          "success": true,
          "duration": 0.07736706733703613,
          "step_times": {
            "data_load": 0.0087890625,
            "preprocessing": 0.017238140106201172,
            "analysis": 0.04207205772399902,
            "results": 0.009254932403564453
          }
        },
        {
          "success": true,
          "duration": 0.07788586616516113,
          "step_times": {
            "data_load": 0.009246349334716797,
            "preprocessing": 0.01685309410095215,
            "analysis": 0.04205179214477539,
            "results": 0.009727954864501953
          }
        },
        {
          "success": true,
          "duration": 0.08778905868530273,
          "step_times": {
            "data_load": 0.010567188262939453,
            "preprocessing": 0.022013187408447266,
            "analysis": 0.04481673240661621,
            "results": 0.010383844375610352
          }
        }
      ]
    }
  ]
}